nama_akun;komentar;sentimen
catatan3017;"ka kalo pake JJ glow trus pke suncream gpp??  
soalnya aku ga bisa meninggalkan JJ glow
";0
chandrawahyu3;sumpah ini bagus bgt 🥰;0
khanzabeautyy;JJ glow favorit bgt🥰;0
risalatunafisah0;jdi pngin😂;0
momi_energik;"Alhamdulillah jauh sblum bunda corla booming gue dah pakek MS Glow bahkan 
gue jadi reseller resmi MS Glow♥️+ suka krna bunda CORLA pun jdi Bintangnya";0
zahra080792;udah setahun pake ms glow. hasil nya Mantul;0
"muhammadjefri
0066";ms glow nyata. buat orang tampil glow up;0
r.......a0503;"Ms glow emng bgus klau kita pakai set cream siang,MLM,toner,facial foam, 
serum,jelly&maskernya,,soalnya adekku juga make MS glow set komplit🥰";0
kukuruyuk8000;"MS GLOW THE BEST IN THE YEAR I LOVE MS GLOW TIADA TARA
 @maharanikemala GRA2 BUNDA C AKU JDI PKE MS GLOW HASILNYA LUAR
 BIASA @Ivan gunawan KEREN";0
yuyunherlina5;aku jg pake ms glow .. Alhamd cocok ga ada masalah .. emang bandit;0
helenadila55;ms glow nyata. buat orang tampil glow up nyata hasilnya 🥰🥰;0
rudiahhusna;bln ini mauk coba pakai ms Glow kawan2 udh pdh pakai ms Glow;0
ifah2496;aku pingin coba ms glow;0
sycomel05;Nnti gajian bli ms glow lagi;0
lidya4769;auto pindah skincare k ms glow nih🥰;0
kakanna_07;dari dulu aku sudah pakai ms glow;0
andanu208;"aku juga pake msglow bun😁ikutin bunda😁nanti AK mw cr kutek ny d LA za DA
😁love you bundaku🥰";0
adymoreno74;semua pada ke Ms glow gara2 bunda,bandit ,hasilnya bagus bgt👍👍👍❤️❤️❤️;0
user9621781680097;aku semenjak bunda pakai ms glow, jd ikutan pindah ke ms glow;0
sarahsmr77;"Gak cuma gara"" bunda,mmg udh lama pakai MS glow, Alhamdulillah udah mau 3 
tahun, cocok"" aja, dan muka lbh awet muda🥰🥰🥰";0
amiyahcute7;gara gara bunda jadi beli ms glowww;0
putrananda82;gara 2 bunda aku pakai ms glow dan bagusss 👍;0
poqqy682;"gue pake sabun muka ms glow cocok, gak kering kulit. memang sih ada 
harga ada kualitas😁";0
hoirimahhoirimah;gue Krn bunda gue jd gue beli produk MS glow;0
kailee_jait;aku pake ms glow karena bunda ya;0
vennyshemikhs;saya jg pakai ms glow sdh hampir mau 3thn;0
mibakr;Dari awal ms glow di samarinda aku pake sampai skg, se nyata itu🥰🥰🥰🥰🥰;0
finy1010;"Adek sama keponakanku pake MS Glow Alhamdulillah cocok glowing... kali
 cocok memang kulit jd bagus";0
ilhampintji.p.mk;gara2 bunda corla, teman2 gw beralih ke MS Glow semua;0
blaishopia;Pake Ms glow since 2017-sekarang;0
tasya1828__;asli si anak ku pake ms glow baby buat kulit anak aku glowing;0
elmagreselda7;Aku dah pake red jelly MS Glow ;0
srisumindari;ms glow.. anak cowokku pun pake ms glow men🥰;0
m3m3yy;mau pindah ms glow ah.terjamin kualitasx;0
am.i833;Ms Glow emang bandit yaa.. aku pake sebulan langsung terlihat perubahan nyaaa;0
peppyfazzo; beralih k ms glow ah;0
bb_jabrik;cocok banget sih buat skincare anti aging @MS Glow Shopping Center;0
alnabil60;emng ms glow bagus sih aku pernh beli 1 paket harganya 300rb;0
intan_mdk;emang scinta itu gw Ama ms glow smpai skrg;0
lailyads;"q pake ms glow udh dari 2019.. make jarang2 awet sampai 4bln lebih😂
 Alhamdulillah aman aja";0
dewizandy;guee pake ms glow dari 2021 wooii 🥰🥰🥳🥳🥳;0
alifzainialfarizi19;dari 2018 sampai sekarang masi setia dengan Ms glow makasih ms glow🥰🥰🥰🥰;0
ratudepe4;ms glow benar2 nyata y;0
nony2780;"alhmdlh aku dh 1thn pke @msglowbeauty ..walau gk glowing tpi bnr hsil nya 
bkin wJah jdi brsih 🥰🥰..pokok nya kerrnn";0
momslina52;dari dulu ms glow🥰🥰;0
rerebiring;Memang MS.glow produk bagus 🥰;0
aidajohary;bener nih MS Glow bagus juga🤣🤣🤣👍👍👍👍;0
stevannyzio;sudah stay sama Ms glow dari 2018🥰🥰;0
dewisiagian;"skrng saya pakai ms glow,3 hari baru pakai langsung ad perubahan muka saya
 cerah,thanks ms glow,";0
eryie;"gegara jd kuli 2 bulan, muka jd ga karuan. pake MS GLOW asli muka jd glowing
 parah!! pdhl cm pk serumnya doank.";0
lintangsewengi08;q slahsatu pengguna ms glow udh berjlan 5 tahun n smpe sekrg msih setia pake;0
widiyartibundasat;ms glow sebagus itu sich;0
redmiajha5;ms glow terbaik;0
hasfajar;makin semangat mau pakai produk ms glow🥰 ayo cintai produk 🇮🇩;0
mamastofa;"bisa di bilang dri awal ada ms glow tenar aku trus pake ,krna emang secinta
 itu sma produk";0
siisungbu;udah 4th lebih bertahan di MS glow😅;0
eling1215;alkhamdhulilah dah pakai setahun aman 🥰🥰;0
faridasaenong;gue pake JJ glow siang hari ngak pernah oake day cream ahhaha best mmng sukaa🥰🥰;0
pembersihkamarman5;keren kak kulit jadi gk lags terpapar panas matahari🥰 love it 😍😍😍👌💯;0
listycuby1;liftik.ms glow emang bandit si aku pke no 08;0
rani2013;Emang bagus dan aman banget pake ms glow.. aq sdh 2 tahun make produk nya;0
depoh.tw;saya jg pke itu JD lembab muka ny dulu kering bgt;0
user9446;ms glow emang pruduk paling bagus;0
veri_tama;ms glow donk.. bikin muka makin glowing wing wing 😝;0
akusajals;ms glow sebagus itu emang.;0
yosa_8585;saya sdh pake ms glow..;0
vjqyu;ku SDH pke ms glow..cocok lgi dimuka..bund;0
basyira14;Alhamdulillah saya pake Ms glow bopengnya dah pada pudar paket lumonius;0
ettisulis;ms glow memang thebest;0
alviatusholehah;kak aku selalu pake jj glow gak pa apa kan kak 🥰🥰;0
aprilderti;The best MSGlow terbukti nyata bagus bgt ,,, 🥰;0
medeth93;"ms glow the besst pkknx... aq udh pkai dri 2017, smpe skrg msh ttp cck sm cream
 Ms glow. sukses selalu Ms Glow,";0
mindotobing520;red jelly qw sukaaa makin glowing wajahku;0
sitizahrotul;aq jg udh 2 thn pake ms glow;0
tika.nabila06;aku sudah dua tahun pake MS glow,;0
aticalrahman;ku beli red jelly emang sebagus itu 😍;0
penghuni_bulan07;MS glow aku juga sekarang pake;0
senjadilangitbali;aku pake red jely jg;0
87yulia07;aku sudah pake ms glow dari pertama buming samping sekarang.;0
leeana_zee;red jelly nya ga ada lawan ,Mashaa Allah;0
mamihikhsan17;Ak juga slalu makai MS GLOW;0
dianaqueenajwa;aku juga pakai br setengah pot udah bagus wajah.makasig ms glow 🥰;0
annaenal1;aku juga pake emang bandit SM glow.;0
riaarividia;ms glow..🥰 aku juga pake;0
dahliashoping;red jelly MSGlowing emang bandhiiiittt woyyy😍😍;0
taqien_m20;udah lebih 1 tahun pake MS glow...😂😂;0
queeni.mikayla;red jelly MSGLOW emang bandiittt🥰;0
vi_bie77;"emak gw dan gengnya emak gw skrg pakai ms glow. slma ini mrk pikir ms glow
 cuma bwt org2 muda trnyta di pakai org tua jg cocok";0
delin2578;"aku pake Ms glow dr thn 2020.setelah make cream2 lg tdk ada yg cocok tp sm 
ms glow alhamdulilah";0
ummukalsum425;aku sdh pakai sejak sept 2020 pakai MS Glow,, good banget;0
dedelastri08;MS GLOW THE BEST ... aq jg pakai MS GLOW ...;0
user5240;aku juga pake ms glow;0
yusnhita;aku pakai ms glow 🥰;0
kisajiba;"ms glow debes..bunda saya juga pake. top mar kotop ms glow. nyata banget
 kren abiz.";0
anisimbolon06;aku juga pakai lipstik nya bagus bangets di bibir🥰🥰🥰;0
tehathavirgo69;aku sekarang pake MS Glow juga.;0
momy_nanyy;aku pake bunda GLOWENG❤❤❤❤😭👍👍👍;0
liendalee0;MS GLOW emang keren..aku pake trs;0
paulanda71;gara2 buncor aku pake ms glow😅😂;0
ontywitiee;"MS.GLOW memang andalan🥰🥰🥰 2 tahun udah gk kemana mana 
tetap di MS.GLOW";0
romaulimarbun8;"saya juga pake ms glow yang ini cactus dah 2 tahun aku pake sama serum 
gold nya dan jj glow.🥰";0
faza2015.skin;suka moisturizer;0
yrbeyyyyy;Tapi bener lo beda makek jadi lebih bagus kulitnya 🥺;0
beniyter;6thn pakek ms glow hadir 🥰;0
santifibrian;aku sudah setahunan pakai MS GLOW..;0
yohandreas96;aku pencinta ms glow udah 2 tahun pake emang sebagus itu;0
az_zara14;Alhamdulillah da pke ms glow😍;0
roemahhijabzahira;"MS GLOW emang bandiit, udah dari dulu pake kulit jadi mulus 🥰lope 
emang ms glow";0
kakrusgurutk;MS Glow memang bagus ...sukses mb maharani;0
.incekpaung;"aku pakai mas glow man udh 2 tahun lebih, memang agak lama prosesnya, 
tapi brkas2 jerawat Alhamdulillah banyak berkurang🥰";0
fareq_alfarezel;"ms glow mantul..udah lebih 3 tahun pake ms glow nggak pernah berpaling 
ke merk lain👍👍";0
sabilarahma94;emang red jellynya msglow bandit,,;0
momy_sityy;Alhamdulillah dah pakek MS Glow bahkan gue jadi reseller resmi MS Glow♥️;0
zaharatr43;udah setahun pake ms glow. hasil nya Mantul;0
muhammadfajri09;ms glow nyata. buat orang tampil glow up;0
rani_au;"Ms glow emng bgus klau kita pakai set cream siang,MLM,toner,facial foam, serum
,jelly&maskernya,,soalnya adekku juga make MS glow set komplit🥰";0
setiaawan1;aq jg da pakai ms glow bun da selama 3 bln hasilnya memang ok loh jaya ms glow.;0
naie80;tim ms glow alhmdulillah.. Glow up🥰;0
its.zafia;aku pake ms glow dari 2018🥰;0
erlytafuadi;suka banget pake produk Ms Glow, emang sbgus itu;0
indy_rhy;pakek msglow sudah jalan 2 tahun 🥰😁;0
rerechan2;"Aku juga pakek MS GLOW bun.. uda 2 thn an lebih. Alhamdulillah Kulit wajah jadi
 sehat banget , bonus putih 😍 “ MS GLOW jaya MS GLOW bahagia";0
intan_syafriadin;gw pake ms glow udh 3 tahuuuunnnnn;0
oxytosin2;gara gara ms.glow mukaku gk ada jerawatan lagi 🥰;0
raabiahrambe;emng bandit produknya,,aku setia ms glow bund🥰;0
mama_beak;produknya emang bandit bagus banget mantap;0
yasmiatin;MS Glow emang bagus bgt 🥰🥰🥰;0
nurlinda_64;Sudah 2 tahun pake MS Glow🥰;0
ariescuit;msgloe bagus aku pake dari 2019 .real pembeli;0
kokochinbus;@MSGlowbeauty memang bagus banget;0
uwahasanah;aku pakek ms glow mulai dr 2019;0
memey_beauty98;alhmdulillah 1 taun lebih stia sma ms glow... 😎;0
kolang_kaliing;ngk pernah ragu sama prodaknya 😍❤️🔥🔥🔥👏;0
naniecutes91;Dari dulu uda pakai msgloww 🥰🥰 dan jual jugaa 😁;0
silalin90;Dari dulu uda pakai msgloww 🥰🥰 dan jual jugaa 😁;0
uniiioca6;Ms Glow emang the best 🥰;0
shalsabildhewi;tetap bertahan dengan MS glow muka jadi bersih walaupun tidak glowing;0
erlytafuadi;tapo Ms Glow emang bagus di aku🥰🥰🥰🥰;0
sweatthes;Sunscreen ms glow sih masih gw pakai;0
ms.shfk;retinol ni mmng best;0
mamahsusi012;Alhamdulillah saya sudah pakek memang hebatt hasil nya;0
ccaja12;jujur ms glow maskernya enak bgt, kenyel bgt di muka wanak;0
callista23_;MS glow EMG the best !;0
junisopia2;🥰🥰🥰sy pun pke ms glo ni slm dri Malaysia ..;0
jinmony;"emg ms glow sebagus itu, biasa kalau aku berhenti pakai skin care langsung
 oenuh jerawat , cuma ms glow egak";0
hasfajar;penasaran mau coba masker retinol ms glow;0
desi.jambi;ih gimn cara nya bs dapat masker retinol 🥺🥺🥺🥺;0
nikenorthelle;jujur ms glow yg lumonius itu paling the best banget..;0
nongnuy;Aku di taiwan juga pakai MS glow;0
susipkh;ms glow bgs lo.. aku dah pakai setahun lebih;0
az_zara14;Da beli kak perwatan wajah ms glow. hasilnya bgus. Amazing betiful ms glow;0
azkanio3;aku udah setahun pake ms glow;0
ferdi_ikhsan;gw cwok pkai msglow 🥰;0
susimirayanti;ak udh makek ms glow dr dlu, tp yg moistirizer watermelon belum pernah nyoba.;0
fitriaulia136;"aku sm tmn2 kita bralih k skin care MS GLOW,,dan trnyta MS GLOW kreen
 cocok d wajahku dan tmn2 ku";0
yudimalinau;Aku peka msg dah 1 tahun asli sih bagus bangat produknya🥰🥰🥰;0
murn1e08;aku jd pake redelly dn alhamdulillah nya cocok, bandit emang MSG;0
vanya.pfs;penasaran sm maskernya retinolnya eey,,;0
zafirah918;Produk MS Glow emang bagus bgttt say, terlihat cantikkk alami 🥰🥰🥰👍👍👍;0
olive88_;jadi pengen beli..;0
elia.sembiring;udh 4 thun pke ms glow walau sedikit mahal bgi qu tpi hasil nya gk kaleng2;0
syarifahsyafira22;hemmmm bikin penasaran aja ama produk ini,,, 🤔🤔;0
erlindalinda72;jadi pengen coba ni product;0
nvmber01;MS Glow memang ok..;0
vkartini;aku udapake tahunan msglow best pokoknya mukafresh;0
yossitapdg;ya sekarang lagi musim retinol aku pengen coba juga;0
punyakmu1_1;"saya sudah pakai ms glow 3 tahun Alhamdulillah selalu cocok dan buat muka 
bagus ,bersyukur ada ms glow❤️❤️";0
gusmi_arfanisaleh;Mau coba maskernya;0
rajaprab1;kok pngenn nyoba q yaa🥰;0
rafikaastuty;MS GLOW mantap;0
oktaviamulandari;sumpah jd pengen pake MS glow😍;0
zharaday98;ms glow the best skincare 😘;0
ekawatiflorist_;Red Jellynya the best. lagi hamil muda, sukanya skincare.an skrg😂;0
purpleyou278;Aku pakai yg watermellon, stelah pakai wajah seger bgt;0
msglownurhalimah;sabunnya bgus bngett bekas luka cepet pudar cerahan lagi🥰;0
nony2780;"BNR bnget KK..aku dh 1thn lbh pake nya alhmdlh walau tidak glowing tapi 
muka kau tidak kusan dan jadi bersih🥰🥰🥰";0
nitasetiawati34;masyallah emang the best bgt Essen dr msglow;0
decaka;pokok skincare andalan deh ms glow🥰;0
qyraa_o6;ms glow the bestt produk😍;0
anisafitriani;allhamdulilah aq cocok makai ms glow..;0
palsuuuu00009;"tonerku abis( udh bbrp bulan ga pke toner cumn pke day cream sama night 
cream aj mau belii lagi yg sepaket krna emg bagus bngtt ms glow gaiss🥰";0
nyr_aini37;aku pake serum gold msglow bagus banget🥰;0
lilissukaisih1;ini serum yg bagus;0
ngapa_ngap01;emang sebagus itu sih 🥰;0
marcelove.id;Wajah sehat bonus cantik 🥰;0
iamdragqueen;"ini bgus bgt, aku udah pake sbulan udah keliatan kerutan tersamarkn, 
kadar minyak terkontrol....";0
basabasibusu;ms glow🥰tiada duanya🥰;0
user2385;cuss coba bestie,,, trthe best kmu ms glow,,,;0
mamaririnvhi0;serum andalanku;0
syabaniti3;"aku pemakai ms glow. mantep bgt sih emg🥰 aplgi essence dna salmon
 nampol ngruh bgt";0
aisyahbeauty_kosmetik;Msglow best bangett 🥰;0
apindanraline;"emang sebagus itu ms glow 🥰 aku juga pakai dari hamil sampai lahiran aman 
asli muka cerah banget, aman buat bumil mau cakep 🥰";0
mogisikucing;Aku pake ms glow, yg whitening series, lebih cerah muka akuu,;0
putri_only1;MS GLOW emang juaraaaa 🥰🥰🥰;0
hasfajar;"kerreeennnn👍👍👍👍 MS GLow,, kmarin baru beli eye treatment serum
 dan pore away...";0
wuanyweir;ak SDH 3 THN pake MSGlow,emang bagus,,,;0
dewisusanti3878;"Ms glow memang the best, aku dah buktikan semuanya hasilnya 
memang glowing wajah aku.";0
dabeykicap;Both bagus nih..utk dark spot nd pores;0
ayu.or;Suka bgt, bnr2 kebukti cpt proses cerahin ny🥰🥰;0
agspj20;"tp emg bnrn paket dna ini bagus bgt benerin tekstur kulit. ini ga bikin putih
 ya tp cerah dn perbaiki tekstur";0
yayuresmiati;ms glow bkin sehat kulit wajah aku 😘;0
dinatha08;aku baru satu paket pake serasa pake merkuri!!!! langsung keliatan hasilny 😂;0
assyfahumairah;day crem yg sekarang..mantol🥰;0
mamaririnvhi0;"udah ak buktikan pakek poreaway pori""ku sekarang gg besar"" lagi udh 
mulus tinggal cerahnya";0
kiki_rahmadani;penasaran banget mau coba sunscreen terbaru MS glow 😭;0
diniyuliii;"mau bgt deh nyoba sheetmasknya msglow🥰 🥰 penasaran bgt sm
 sheetmasknya msglow,,";0
dewii_ahmad;JJ glow andalan ku🥰🥰;0
maidyaputri;2th qw sudah makek 🥰🥰🥰;0
luludhilla;Gk ad lawan buat mantai nih 🥰 bener2 awet kalo kena matahari makin bersinar;0
inititiis;love it. akupun pake jj glow moisturizer nya. ga perlu pake bedak keluar rumah;0
devimarcellia;cinta bgt sama froduk ms glow🥰;0
kadekdewi_w;Skincare andalan bgt ini😍;0
tiaraaa_21;Skincare routine aku nihhh🥰🥰;0
yuliastuti56;bagus banget sih ini aku juga pake;0
kayelaajah;"alhamdullilah q udah make & emng eyelener ms glow itu occ bngtt lipstik ny
 jg sama enteng bngtt kakkk";0
osbrw;Aku udah setengah tahun lebih,pake produk MS. Glow.;0
aniisaaaa;produk ms glow emng bagus2 aku pake ms glow juga;0
_la_laela;"pecinta ms glow nih, udah makek 1 tahun. alhamdulilah hasilnya 
memuaskan 🥰🥰";0
maiyuna74;ak sdh lama pke yg varian watermelon ini..segerrr;0
maryani_250;aku pake yg cactus..mantulita bngt KK❤️;0
jua_rya;finish nya bikin glowing🥰. aq pke yg natural;0
baity01;pertama tim Yuzu juice kakak🥰bagus bangettt;0
vaniazumroh;"skincare routine saya paket wajah acne, serum acne, Yuzu, JJ glow, Edt dan 
red jelly hasilnya mantap keren bgt🥰🥰🥰🥰";0
anahitaserli_76;Yuzu moisturizer nghk ada lawan🥰🥰🥰;0
rasma_bungsu;"Alhamdulillah jj ms glow cocok..saya pkekny hari..jdi gx pkek bedak lagi heheh...
prgi ke sklh ngjar bhkan sore hbs mndi udh knyk bdak menmpel crah🥰";0
sintabepa16;pokonya ms glow paling bagus 🥰;0
oziliozaid;MS glow emang bagus bangt🥰;0
pecahankaca5;Sebagus itu emang yah kak🥰;0
imzahjourney_id;emaaang seee bagus itu🥰;0
irummqadd;moisturizer cactus favorite 🥰🥰🥰;0
miaermaa;andalanku deep treatment sama yuzu ,alhamdulillah jerawat berkurang;0
flowersgrils;gara² ms glow wajah ku jadi gak ada jerawat lgi dan jadi putih wajah sy;0
rosiatutik;pakai ini bagus parah kulit astagaaaa mau sungkem ama ni produk;0
fauziatulfadila;kalau essence ini mah the best lah trus yuzu itu juga aku suka;0
novitaadelia.p;Termantull udh abis berbotol botol akutuh;0
helmiatus7;udah mau hbis 2botol🥰;0
toko_beautifullbali;"yg greentea beneran bagus, waktu itu pernah beruntusan, udah 3 hari gk hilang. 
malamnya sbelum tidur maskeran MS glow greentea, besok paginya..
bruntusan hilang";0
azkayra.;alhamdulillah br 4 hari pakai jerawatku terhempaskan;0
liatriap;aku juga pakai yuzu enak banget dikulit aku yang kering🥰;0
septi.titut;Sumpah ini worth it banget aku udah hbs 1 pot dan sampek nyetock dirumah;0
rose.9142;emang produk ms glow bikin jatuh cinta,;0
naksetan17;tapi bener Essence nya MS glow juara;0
banjir.orderan;memang bagus banget ni produk;0
aprilnuri11;DTE emang sebagus itu;0
sintiamsglow_kab.blitar;Aku pake DTE jg sm moist Watermelon ahh mntap hasil nyata glowing 😍;0
varescae_;"aku udah pakak mau habis 1 botol hasilnya worthit banget, bulu mataku jadi
 panjang lentik dan gak rontok. dulu sblm pakai tiap hari jatuh padahal";0
wiatarii;"aku pake tiap hari pas mau pake skincare hasilnya bagus banget ga boong lentik 
bulu mata,tmbh tebel juga dialisku poko mah like sama produk ms glow🥰";0
fashion.id;best🥰 bulumata aku jarang jatuh sekarang;0
septi.titut;radiance gold sumpah g mau diskip secara worth it banget;0
nabilalutfia_;clay mask emang juara sih buat bersihin pori-pori 🥰;0
pusatkosmetik_gamis;asli hasilnya glowing abis 😍😍;0
nitatasmia21;Bagus bangettt aku juga pake🥰🥰;0
imha1153;"aku juga sekarang pakai yg ini sumpah bagus bangeet bener"" ngatasi
 wajah kering dan iritas";0
dheyuli05;aku d pake mantuuul maka nya klo red jelly g boleh bgt di skip harus ada 😍;0
user7545;Alhamdulillah udh beli , dan bener2 ngerasa produknya sebagus ituu 😍;0
nrshop89;aku suka banget watermelon bikin lembab auto glowing ges muka aku😍😍🥰🥰;0
amimastore;redjelly mantap banget;0
maisya205;wooow cushion recomended banget;0
bebasterserah000;sumpah cuma make paket nya aja udh glowing🥺;0
user12100;cream malam nya baguss bangtt;0
pusatkosmetik_gamis;hasilnya jerawat hempas, dan glowing maksimal 😍;0
rissyyaaaa;"aku udh make ms glow dari bulan agustus 2020 sampe sekarang Alhamdulillah 
bersih bgt ga kek dulu";0
anakeibuk_ida;aku pake ms glow acne hampir 2 paket alhamdulillah jerawat pada kempes semua🥰;0
regitaxcll;baru 2mingguan pake paket acne+lifting serum hasilnya beuh bagus bet😭;0
shescaandriana;"bagus bngt sih, TPI Kya keputihan bngt jd ga pede keluar rumah berasa terang
benderang wajahku";1
h.anggra;"Aku pny ms glow aqne bru brp kali pemakaian mau gantiin gak ? di aku gak cocok 
sayang klo dibuang.. yng aku pake ori..";1
sylvia.335;ini official ms glow tp anehnya g ad barang yg dijual😂;1
misel_madesu;online shop nya dimana si kok di shope reviewnya jelek dibilang palsu?;1
sarie_197;awalnya dl dah pernah make tp g cck.;1
ryst430;ak g cook😭😭😭;1
lenahel2;"sepupuku prnh coba pakek ms glow, malah buat mukanya hancur jerawatan, 
mau diksh ke sy, sypun jadi takut.";1
danisyaiyan;"Ms glow emang bagus ak dah nyoba tp skg bnyk yg palsu ak abis beli red jelly
 dengan haraga yg sama tapi pas di buka beda isi y jd takut mau beli lg";1
zulfamawazatul;Pakek ms glow pori2 makin besar ada bukan makin bagus;1
lindapinochio;"kak sya udh pke ms dri 2018 tpi skrng knpa ya jdi bruntusan kering gtu
,klok di pake di muka perih bngt terutama serum+krim malam";1
aleamahreen;mon maap aku ngk ccok ms glow.udh pke 5 tube.nihil.;1
mya_libra;gua pakai ini gk ngaruh;1
atawolo2020;"apa cuman aku ya baru beli ms glow pas buka isi dlmnya stengahnya kosong 
plis gays gimana ini, mau nangiss😭";1
hany615;kk kenapa pakai mask retinol malah timbul jerawat ya;1
hannisaa;"Aku pny ms glow aqne bru. di aku gak cocok 
sayang klo dibuang.. yng aku pake ori..";1
1986wulan;"tag dong akun yg jual prodak ms glow yg asli,pengen ganti MS glow tpi takut
 bli yg palsu";1
faridaferws;"prodak ms.glow mmng bgs aku aja pake. cuma lipstikx masih kalah jauh dgn 
mybline ORI tahan lama wlpun hbs makan ttp stay. klw yg ini msh blm stay.";1
kayren.sehh;aku dah pakai 1.5thn tp blm ada perubahan [flushed]😭;1
agil_gilang;Aku yg red jelly gk cocok...;1
inthanpermata5;"aku suka msglow tp gak ccok yg setnya..😭😭 krna daycreamnya gak mau
 nyatu sma kulit aku";1
aqilaazahra;Aku ngk cocok kmren makei ms glow;1
ayukhi;"min aku dulu pake ms glow tapi kok malah beruntusan ya min... kulit aku memang
 mudah berjerawat..";1
nafiauryn;"red jelly kemasannya kapan ya di ganti, sering tumpah atau gak belepotan 
kemana mana😏";1
fikaazizah52;"kak pliss jawab. muka aku bruntusan parah, padahal udah pake paket 
acne+ essens+ moist yuzu 😭😭. tp kenapa malah tambah bruntusan parah";1
thisgirlhasswag;Ms glow semakin dipake semakin gak ngefek🗿 kulit jadi kering;1
deru772;kk saya pkai ms glow cmn kok komedo byk y kk gmn cara menghilangkan kn y kk;1
queencntikk;gua yang tiap hari make nya gak ada perubahan 🙂🙂;1
mami_shey;aku ada beli aneh bgt bau serum nya acnee pdhl udh bertahun² pke;1
rosidahros2;"pengen yg ini aku make krim malam sama siang serum gol tapi udh 3 bulan
 blm ada efek nya takut nya produk nya palsy yg aku pake";1
vhitastore;aqu pake paket dna kok fak cerah2 ya malah kadang ada bruntusan;1
user5671;aku pakai cream premium udh 30 hari muka masih kusam aja kak...apakah ada solusi;1
isma4384;aku kok makin berminyak ya pke ini;1
deviesrii;aku pakai ms glow 2 bulan malah jerawatan, pdhl udh beli ditokoresmi;1
nurkhoolisah;"AQ pakai ms glow baru 2 paket tp kulitku jadi berkomedo sama muka jd 
kering gitu.pori2 membesar";1
hffiii;cream paginya bikin berminyak banget utk aku yg oily;1
widya11;Ka ak pke yg pket acne tp knp ke muka jd merah n gtel2 ya;1
gellis87;kenapa saya kalo pake DTE ms glow ,kok tumbuh jerawat kak ,;1
gyenras;"Please dong kemasan bb cream nya ganti 🥺 suka bgt pdhl sama bb cream nya. 
Cuma kemasan nya kl di bawa bawa di tas jd tumpah tumpah gt";1
mariniasri08;"aq 2 hr lpa ngga pake day & night cream, cma pake face wash aja, 
knpa waktu pake jdi gatal n agak perih ya kak,";1
slll_71;aku pakek yang oily kok susah banget di pakai ya😭 kayak ngedempul gitu;1
liezbomix;"sy pke msglow yg buat flek mlh timbul jerawt gede"" 🥺🥺";1
mamaargha8;pake jj glow mlh jerawatan;1
alceozidan;"kak HBS nyoba pake BB cream withening kok kulitq jd sering memerah dan 
perih y kak?? trus pori2 tambah besar..";1
meisyantika_11;aku pakek yuzu malah muncul merah merah;1
latifavv21;"Aku dah mau habis 1 blm sembuh komedo nya makin kelihatan .. 
bingung jadinya 🥺";1
hello.mpus;"Aku pakek yuzu tambah jerawatan kk dan beruntusan mungkin dikulit 
wajah aku ngga cocok 😌";1
ninda2508;"ka mau nanya tadinya sya pke msg pkt acne kulit udh mendingan,setelh sya beli 
smua prodak ms glow kulit sya jdi parah bgt";1
honglopak2;kenapa isinya dikiiiiiiittttt bget bedak ini ya kak .. mna mhall hehe;1
meisyantika_11;"aku mkin menjadi jadi pakek yuzu kak yang awalnya udah mendingan malah 
makin parah";1
sagittariusmu;"Kak saya sudah 7 bulanan pakai ms glow yang paket acne + serum acne dan
 tbtb muncul bruntusan banyak banget di dahi, dagu dan hidung";1
reyrafania;udh rajin exfo + red jelly 3x sminggu ,msih ada kusam;1
www.maruko.com;Ka aku pke yg white cell dna tpi bruntus semuka;1
ainimusawabah;kak aq pke Dte moisrzer slm 5 blan,tp msh bruntusn;1
celipiee;kak udah pake hampir 2 th skrg wajah kok brekout parah sedihh.;1
delvianimandasari;ka aku udah pke lama msglow tpi flek ku ngga ilang;1
renisulistiyani;pake Ms glow tp komedo Ama pori2 besar kak aq pae luminous;1
cantiqqq7;saya pkek red jelly kok makin lebar pori2nya kak;1
nindy7880;"aq udh make hmpir mo 1 th paket ultimate dark sport whitening glow red
 jelly tp g blm glowing2 ya";1
putrijodieoctavia;aku pake red jelly bruntusan malah makin banyak 😭;1
nadiya.rm;plis gua pake jjglow kok kyk dempul trus jadi abu²😭;1
widyakalle;"Kak, kenapa ya setelah penggunaan Red jelly 2 hari malah jd bruntusan 
banyak bangat.";1
likostore21;aku baru make produk yang acne,, tapi jerawatnya makin banyak ya ka;1
rtaaaaaaaa_;aku pake ms glow varian whitening terus muka aku jadi kek nglupas gitu;1
abahjow;"kak aku baru coba krim ms glow , kmren baru beli trus mlm ny langsung aku coba .
 efek nya sih gatel kek di gigit semut , ps pgi mka bngkak 😭";1
eriyaazahra;"kak aku udah pakek ms glow 9 bulan , pertama pakai mukaku bagus banget 
kenyal sehat , tapi makin kesini kenapa jadi beruntusan kusem dan kucel ya 😣";1
mutiaaprilia17;2mggu pake fw essence moisturizer watermelon JJ glow ko kering dan ada bruntus;1
vivit_sandra;"saya pkai acne kok malah berjerawat berkuman dan bruntusan kak.disurah
 tmbah yuzu +red jelly tpi wajah makin parah jerawatmya.";1
_iambyyy;"Kak kenapa ya udah pake 5 bulan tpi jerawat nya masih muncul trus numpuk
 nya dibagian pipi, pdahal udah make semua";1
riskard__;"tolongg banntuuu jelasin,kenapaa aku beruntusan . setelah 1 tahun pakaii
 fine2 aja tiba2 skrg 😭😭";1
nellaaanr;"Ka mau nanya knpa saya pake paket acne sm essense muka jd perih, merah, 
bintik bintik🥺 padahal sebelumnya belum gini🥺";1
maghfirohstore;"aku pakai paket acne abis 4 paket masih jerawatan tapi lumayan sembuh tapi 
pori2 gede dan bekasnya ga sembuh2 gimana aku bingungg🥺";1
swallowpelangi;"aku pakek msglow bulan aprli-Juni kak jerawat timbul besar2 dipipi dan banyak 
beruntusan kecil2 dibagian bawah dagu dan pipi";1
navhizt;Tpi aku pakek jj glow knpa mlah jrawat muncul yah;1
nurvitasari151;"saya pakai toner dari Ms glow whitening... tapi kok kayak bruntusan 
gitu yaa muka saya";1
bundaninda38;pake ultimate tp gak ilang2 ni fleknya🥺;1
piyakkloh;kak saya pake pket whitening malah jerawatan keluar semua;1
miiiiia16;"kak kok aku setiap abis pake essence sama red jelly langsung keluar jerawat, 
kenapa yak kak? terus aku udah pake sekitar 7 bulan belum ada perubahan.";1
indahmaa2;kulitku berminyak parah pake Yuzu revitalizing juice;1
dwiyana779;"aku pake yg cream malemnya kenapa slalu kayak nglupas gitu ya kak 
kulitnya udah habis 2 paket masih kayak gitu";1
yaya_mustika;"aku udh pake acne lama, bersih mukanya. tapi stelah nikah udh 6 bln jrwtan 
lgi, sma ngelupas gtu,perih kalo siap pake serum sma yg cream mlm";1
lvpecah;"gua sekali pake toner nya muka gua kek kebakar jdi kalian kalau mau 
beli yg cocok"" aja untuk muka kalian";1
marssyyaa;pindah ke luminous udah sama serum juga+Yuzu tapi kok malah timbul beruntusan;1
nallindra_meyra;"Aku nyoba pake paket whitening cocok. Hasilnya bagus bgt, ini mau lanjut paket
 yang kedua tapi kok malah wajahku bruntusan sama panas";1
piscesgirls1712;aku pake ms glow acne kok mukaku bengkak, gatal, dan terkelupas sih;1
.anggi_211;"gue udah habis 2 paket acne tapi wajah q sekarang buset deh tambah
 jerawatan banyak";1
wulland10_;kak ak apke serum lifting kok tetep ya pori* gak mengecil;1
panjianm_m;gua yg gak cocok nyimak 😂😂 malah tambah banyak jerawat;1
nurmahabibah;ka, aku udah pake paket whitening tapi sekarang wajahku lagi berjerawat + bruntusan.;1
carvelykleyo;aku awal pkek msglow cocok sih sampai 2 minggu stlahnya malah jerawatan parah;1
dwmskln;kak kenapa aku pake paket luminous trus pake essensnya msglow kok jd brakeout ya;1
iyain14_;aku udh make mau 5 bulan dari januari tpi perubahannya sangat dikit😭😭😭;1
rindhacayankedhaf;"AQ udah 5 bulan kak pake paket acne+serum acne tapi knp jerawatq semakin banyak
 ya🥺dulu g pernah jerawat sebanyak ini";1
pacarakbarr;aku yang udh pakai 4 Minggu tpi blm ada hasilnya😌;1
risfa0903;"Awal pake jerawat bersih ilang smua trs setelah nikah masa jerawatan lg pdhal gak 
ganti2 ttp yg acne cma blm ilang2 smpe skrang udh 4bulanan";1
santiashater1922;"kak, kenapa sudah 2 bulan ini masih belum hilang bruntusan malah tambah 
muncul jerawat besar-besarnya🥺";1
titipan43;"aku uda pakai paketan acne plus sesuai sama yg di video, uda habis 4 paketan
 juga,tapi jerawat juga mangkin banyak,";1
gaushkepo_000;"2bln pke bagus dan emng muka ku jarang bngt jerawatan apalgi beruntusan tpi bln 
ini aku coba serum luminous malah beruntusan +jerawat parah😭😭";1
hemi_br_karo;kak aku udh pake 2 bulan yg whitening tp kok masihbkusam y😳;1
mutianadyaf9;kenapa saya pake paket whitening tapi malah kusam bgt yaa;1
_so_hurt;gw pake lengkap malah jerawatan full byee;1
.tiayu;aku beli clay mask nya tapi jamuran:(;1
mutiaaprilia17;pipi panas merah pake fw essence sama moisturizer watermelon baru 9hari pakai;1
megauttami;apa gue doang yg pakek ms glow ga cocok, yg mulane ga knpa2 mlah jd jerawaten;1
nrmtrs_;Ga cocok pake dte 🥺;1
tinaa_el;"aku yg gak cocok pake serumnya dan moisturizer yuzunya, setiap pake pasti
 jerawatan lagi.";1
